City_ID,City,Cloudiness,Country,Date,Humidity,Lat,Lng,Max Temp,Wind Speed
0,ostrovnoy,2,RU,1558378754,72,68.05,39.51,37.5,7.16
2,qaanaaq,25,GL,1558378755,73,77.48,-69.36,22.2,2.37
3,zhuhai,0,CN,1558378755,39,40.71,112.04,44.6,4.47
8,tiksi,95,RU,1558378756,88,71.64,128.87,14.1,15.7
9,pushkinskiye gory,6,RU,1558378756,70,57.02,28.91,65.04,6.93
10,aykhal,90,RU,1558378756,48,65.95,111.51,39.2,11.18
13,saskylakh,0,RU,1558378757,91,71.97,114.09,4.92,2.26
14,constitucion,5,MX,1558378757,4,23.99,-104.67,84.2,16.11
15,albany,40,US,1558378727,45,42.65,-73.75,82.4,12.75
16,vilyuysk,16,RU,1558378757,59,63.75,121.63,34.62,5.84
19,kodinsk,14,RU,1558378758,81,58.6,99.18,48.84,4.97
20,teknaf,1,BD,1558378758,85,20.86,92.31,84.66,8.23
22,ambon,11,FR,1558378758,93,47.55,-2.56,64.99,5.82
24,fallon,90,US,1558378758,53,46.84,-105.12,51.8,18.34
25,kantang,20,TH,1558378759,94,7.42,99.52,78.8,6.93
26,colonelganj,0,IN,1558378759,14,27.13,81.7,94.2,5.08
31,qingdao,0,CN,1558378760,54,36.09,120.35,59.0,2.24
32,port hardy,90,CA,1558378564,87,50.7,-127.42,53.6,5.82
33,arman,0,RU,1558378760,64,59.7,150.17,31.56,5.3
34,mamakan,26,RU,1558378760,90,57.82,114.02,31.38,2.82
35,bethel,20,US,1558378760,71,60.79,-161.76,51.8,4.68
36,clinton,75,US,1558378556,54,41.84,-90.19,55.4,10.29
37,varhaug,0,NO,1558378761,63,58.61,5.65,64.99,8.05
38,ayan,76,TR,1558378761,58,40.67,33.6,56.94,0.54
41,torbay,75,CA,1558378627,65,47.66,-52.73,48.0,24.16
42,yellowknife,75,CA,1558378762,26,62.45,-114.38,55.4,8.05
45,rosita,72,NI,1558378762,71,13.92,-84.4,84.12,4.41
47,port elizabeth,20,US,1558378762,46,39.31,-74.98,93.0,12.75
49,garchitorena,59,PH,1558378763,75,13.88,123.7,84.3,6.11
50,kodiak,1,US,1558378763,63,39.95,-94.76,53.01,8.05
52,taybad,78,IR,1558378763,18,34.74,60.78,80.16,4.88
53,cabo san lucas,5,MX,1558378605,34,22.89,-109.91,91.0,11.41
55,khatanga,10,RU,1558378764,92,71.98,102.47,9.96,10.94
57,kolyvan,0,RU,1558378764,87,55.31,82.74,48.2,4.47
58,hofn,90,IS,1558378764,81,64.25,-15.21,48.2,6.93
59,bontang,54,ID,1558378765,99,0.12,117.47,74.22,2.62
60,sault sainte marie,1,CA,1558378765,61,46.49,-84.36,50.0,14.99
61,zhigansk,97,RU,1558378765,84,66.77,123.37,27.24,8.77
62,thompson,75,CA,1558378765,35,55.74,-97.86,57.2,3.36
63,pevek,93,RU,1558378765,71,69.7,170.27,26.16,4.65
64,nanortalik,29,GL,1558378766,72,60.14,-45.24,43.08,4.68
65,bilibino,93,RU,1558378766,89,68.06,166.44,27.6,6.29
66,dikson,12,RU,1558378766,85,73.51,80.55,20.22,12.15
67,hambantota,40,LK,1558378766,100,6.12,81.12,80.6,3.36
68,beja,20,PT,1558378766,49,38.02,-7.87,71.6,14.99
69,fortuna,20,ES,1558378767,77,38.18,-1.13,69.8,4.7
71,qasigiannguit,90,GL,1558378767,86,68.82,-51.19,33.8,4.7
72,butaritari,55,KI,1558378767,77,3.07,172.79,83.94,9.13
73,virginia beach,40,US,1558378597,48,36.85,-75.98,91.0,10.29
74,hobyo,91,SO,1558378767,71,5.35,48.53,83.58,13.49
75,saint george,40,GR,1558378768,33,39.45,22.34,75.2,11.41
77,khor,100,RU,1558378768,94,47.88,134.96,54.96,7.36
78,crotone,20,IT,1558378768,67,39.09,17.12,62.6,10.29
79,baglung,11,NP,1558378768,58,28.27,83.59,54.24,2.66
82,sur,66,OM,1558378769,57,22.57,59.53,88.26,14.83
83,araouane,77,ML,1558378769,18,18.9,-3.53,100.14,15.1
86,nikolskoye,20,RU,1558378770,56,59.7,30.79,69.01,4.47
89,ternate,20,PH,1558378770,74,14.29,120.72,86.0,1.12
92,xichang,19,CN,1558378771,91,27.88,102.25,49.74,2.46
93,antioch,40,US,1558378507,63,38.0,-121.81,64.99,10.29
94,najran,75,SA,1558378772,77,17.54,44.22,69.8,11.41
95,agirish,100,RU,1558378772,88,61.92,63.02,32.82,9.1
97,katsuura,90,JP,1558378772,93,33.93,134.5,66.2,5.82
98,shalinskoye,66,RU,1558378772,63,55.72,93.76,53.7,7.83
101,kingston,75,CA,1558378724,63,44.23,-76.48,70.0,19.46
102,ketchikan,1,US,1558378684,76,55.34,-131.65,55.4,17.22
103,kapaa,20,US,1558378773,74,22.08,-159.32,80.6,10.29
105,yakeshi,100,CN,1558378774,48,49.28,120.73,46.86,20.31
106,hilo,40,US,1558378755,69,19.71,-155.08,79.0,4.7
107,whitehorse,40,CA,1558378774,36,60.72,-135.06,64.0,3.36
108,bonthe,63,SL,1558378774,70,7.53,-12.5,85.38,9.78
109,bara,45,NG,1558378774,25,10.41,10.6,96.54,4.99
110,lompoc,75,US,1558378662,63,34.64,-120.46,66.99,12.75
111,port blair,99,IN,1558378774,71,11.67,92.75,85.2,7.18
113,thinadhoo,100,MV,1558378775,76,0.53,72.93,85.02,17.0
116,xam nua,100,LA,1558378775,98,20.42,104.04,67.38,2.17
118,sao filipe,2,CV,1558378776,84,14.9,-24.5,72.96,16.91
119,deputatskiy,47,RU,1558378776,82,69.3,139.9,8.52,3.31
121,sitka,100,US,1558378776,98,37.17,-99.65,48.99,11.99
122,forio,75,IT,1558378777,77,40.73,13.86,62.6,6.93
123,russkaya polyana,100,RU,1558378777,80,53.78,73.88,45.24,6.76
127,aklavik,75,CA,1558378563,50,68.22,-135.01,55.4,3.09
128,lokosovo,100,RU,1558378778,68,61.13,74.84,44.52,9.17
130,cravo norte,100,CO,1558378778,67,6.3,-70.2,85.02,3.09
131,motygino,85,RU,1558378778,84,58.18,94.69,49.2,5.23
132,west wendover,40,US,1558378779,66,40.74,-114.07,51.8,4.7
133,adrar,40,DZ,1558378779,17,27.87,-0.29,89.6,28.86
134,melfi,20,IT,1558378779,87,41.0,15.66,59.0,10.29
136,iqaluit,90,CA,1558378780,86,63.75,-68.52,33.8,6.93
137,lavrentiya,31,RU,1558378780,95,65.58,-170.99,28.32,6.4
139,vaini,0,IN,1558378780,88,15.34,74.49,78.9,1.59
140,georgetown,75,GY,1558378612,83,6.8,-58.16,82.4,11.41
141,sanchazi,0,CN,1558378781,82,30.43,103.62,64.4,2.24
142,sarai mir,0,IN,1558378781,35,26.02,82.92,86.0,3.36
143,yichun,89,CN,1558378781,98,47.72,128.88,41.64,3.58
144,plainview,40,US,1558378590,37,34.18,-101.71,84.99,18.34
146,nardaran,40,AZ,1558378782,52,40.56,50.01,66.2,19.46
147,nagua,75,DO,1558378782,70,19.37,-69.85,89.6,6.93
148,ibra,100,OM,1558378782,41,22.69,58.55,87.18,17.4
149,ganzhou,1,CN,1558378783,66,25.86,114.93,64.32,3.42
150,talnakh,75,RU,1558378783,92,69.49,88.39,15.8,29.08
151,coahuayana,1,MX,1558378783,22,18.62,-100.35,100.5,4.38
152,sinnamary,100,GF,1558378783,81,5.38,-52.96,82.5,10.96
154,havoysund,20,NO,1558378784,80,71.0,24.66,39.2,24.16
155,bjornevatn,75,NO,1558378688,93,69.67,29.98,37.4,20.8
156,narsaq,20,GL,1558378784,28,60.91,-46.05,57.2,9.17
157,charlestown,1,US,1558378784,64,41.38,-71.64,87.01,12.75
158,trat,93,TH,1558378784,70,12.25,102.51,91.0,1.88
159,manado,40,ID,1558378784,100,1.49,124.85,73.4,4.97
160,trapani,20,IT,1558378785,72,38.02,12.54,66.2,17.22
162,saint-philippe,75,CA,1558378785,53,45.36,-73.48,75.0,29.97
163,haines junction,11,CA,1558378785,48,60.75,-137.51,51.18,7.23
164,kathmandu,75,NP,1558378762,73,27.71,85.32,71.6,6.67
165,norman wells,75,CA,1558378785,45,65.28,-126.83,66.2,6.93
166,brainerd,1,US,1558378527,40,46.36,-94.2,63.0,5.82
167,yumen,2,CN,1558378785,10,40.29,97.04,59.1,1.5
168,straumen,0,NO,1558378786,52,63.87,11.3,68.0,9.17
169,camacha,40,PT,1558378786,72,33.08,-16.33,68.0,14.99
170,teya,75,MX,1558378786,39,21.05,-89.07,99.0,16.11
171,vitim,81,RU,1558378786,83,59.44,112.57,37.32,2.98
174,la esperanza,75,HN,1558378787,62,14.31,-88.18,87.8,4.7
175,clyde river,75,CA,1558378787,86,70.47,-68.59,28.4,12.75
176,nador,0,MA,1558378499,40,35.17,-2.93,75.2,6.93
177,keflavik,75,IS,1558378788,100,64.0,-22.56,51.01,9.17
178,faya,20,SA,1558378788,76,18.39,42.45,59.0,5.82
179,chokurdakh,0,RU,1558378788,89,70.62,147.9,7.08,5.99
180,le marin,75,MQ,1558378788,62,14.47,-60.87,87.8,19.46
181,tasiilaq,75,GL,1558378788,74,65.61,-37.64,35.6,12.75
182,udachnyy,90,RU,1558378789,48,66.42,112.4,39.2,11.18
183,monrovia,40,LR,1558378789,79,6.33,-10.8,84.2,9.17
186,yamada,75,JP,1558378789,93,36.58,137.08,63.0,2.24
187,mackay,20,CA,1558378789,28,53.65,-115.58,59.0,20.8
188,lagoa,20,PT,1558378790,46,37.14,-8.45,73.4,18.34
190,saint-georges,94,CA,1558378595,76,46.12,-70.67,71.01,8.99
191,naryan-mar,0,RU,1558378791,90,67.67,53.09,27.24,8.19
194,beringovskiy,58,RU,1558378791,90,63.05,179.32,27.42,6.2
196,ilulissat,90,GL,1558378791,86,69.22,-51.1,33.8,4.7
199,kaabong,100,UG,1558378792,92,3.51,34.14,64.86,2.91
200,lazaro cardenas,75,MX,1558378792,14,28.39,-105.62,88.0,21.92
204,severo-kurilsk,99,RU,1558378793,97,50.68,156.12,39.66,15.1
205,hutang,4,CN,1558378793,71,29.22,119.85,59.1,3.31
206,namioka,75,JP,1558378793,52,40.71,140.59,68.0,11.41
207,mnogovershinnyy,100,RU,1558378793,96,53.94,139.92,39.12,8.05
208,san rafael del sur,40,NI,1558378793,49,11.85,-86.44,91.4,13.87
209,paamiut,7,GL,1558378794,91,61.99,-49.67,35.7,16.31
210,ribeira grande,40,PT,1558378794,88,38.52,-28.7,66.2,10.29
213,pesca,96,CO,1558378794,68,5.56,-73.05,62.52,7.76
215,le port,25,FR,1558378795,64,42.87,1.37,60.01,4.47
217,dublin,75,IE,1558378538,81,53.35,-6.26,57.99,5.82
218,salalah,20,OM,1558378796,74,17.01,54.1,86.0,10.29
219,beisfjord,0,NO,1558378796,51,68.38,17.6,60.8,11.41
220,ust-tsilma,0,RU,1558378796,58,65.44,52.15,35.88,6.11
221,marawi,12,PH,1558378796,93,8.0,124.29,77.0,5.01
222,samana,75,EC,1558378796,94,0.12,-76.97,77.0,4.7
223,koronowo,20,PL,1558378736,60,53.31,17.94,71.01,3.36
224,ekimchan,100,RU,1558378797,87,53.07,132.94,43.26,10.4
226,saint-denis,0,FR,1558378797,67,48.94,2.36,64.4,10.29
227,tabas,100,IR,1558378798,18,33.6,56.92,89.6,9.17
229,aketi,100,CD,1558378804,96,2.74,23.78,72.6,1.03
230,moses lake,1,US,1558378804,22,47.13,-119.28,69.8,13.87
232,hamilton,90,CA,1558378635,67,43.26,-79.87,59.0,14.99
233,san juan del sur,40,NI,1558378808,74,11.25,-85.87,84.2,10.2
236,provideniya,5,RU,1558378816,72,64.42,-173.23,33.72,5.23
238,bose,75,IT,1558378816,72,45.46,8.01,64.4,2.24
239,manzhouli,35,CN,1558378819,45,49.6,117.43,45.24,13.67
241,anadyr,75,RU,1558378821,74,64.73,177.51,30.2,6.71
242,bandarbeyla,67,SO,1558378822,74,9.49,50.81,82.68,13.38
243,buchach,75,UA,1558378822,100,49.06,25.39,70.0,2.24
244,pasni,0,PK,1558378823,52,25.26,63.48,86.82,9.17
245,tuktoyaktuk,40,CA,1558378823,75,69.44,-133.03,41.0,19.46
246,okha,100,RU,1558378823,96,53.59,142.95,40.38,13.62
247,puerto escondido,5,MX,1558378824,66,15.86,-97.07,86.0,9.17
249,lebu,75,ET,1558378826,68,8.96,38.73,64.4,2.95
251,leningradskiy,0,RU,1558378827,80,69.38,178.42,22.2,6.38
252,kajaani,0,FI,1558378827,62,64.22,27.73,59.0,6.93
255,tagusao,92,PH,1558378828,71,9.19,117.81,84.12,2.57
259,hami,0,CN,1558378834,11,42.84,93.51,69.72,6.2
260,pahrump,75,US,1558378834,41,36.21,-115.98,68.0,11.5
261,fort frances,1,CA,1558378834,38,48.61,-93.4,63.0,9.17
263,markova,0,RU,1558378835,49,52.21,104.21,46.4,6.71
265,jalu,73,LY,1558378836,5,29.03,21.55,100.14,11.07
267,zaraza,97,VE,1558378836,22,9.35,-65.33,101.04,8.61
268,dingle,4,PH,1558378836,80,11.0,122.67,79.08,2.73
269,bodden town,75,KY,1558378836,88,19.28,-81.25,84.99,4.7
274,goderich,96,CA,1558378839,87,43.74,-81.71,52.0,13.0
276,rabo de peixe,40,PT,1558378839,88,37.8,-25.58,66.2,12.75
278,cayenne,40,GF,1558378571,70,4.94,-52.33,86.0,14.99
279,saldanha,86,PT,1558378840,46,41.42,-6.55,63.06,9.75
281,hasaki,75,JP,1558378841,93,35.73,140.83,66.2,16.11
282,slave lake,1,CA,1558378673,25,55.28,-114.77,62.6,17.22
286,san andres,58,PH,1558378815,82,13.32,122.68,81.78,2.89
287,pangnirtung,75,CA,1558378841,80,66.15,-65.72,35.6,18.34
288,san quintin,95,PH,1558378841,76,17.54,120.52,78.72,3.62
289,union,90,US,1558378842,100,47.36,-123.1,57.2,8.05
290,dudinka,75,RU,1558378842,92,69.41,86.18,15.8,29.08
291,florida,40,CU,1558378581,52,21.53,-78.23,87.8,5.82
292,madikeri,75,IN,1558378843,89,12.42,75.74,84.2,2.24
293,esperance,40,TT,1558378843,46,10.24,-61.45,91.4,18.34
294,takoradi,100,GH,1558378843,85,4.89,-1.75,78.9,3.56
295,lokomotivnyy,38,RU,1558378843,61,53.01,60.57,41.1,9.42
296,khash,32,IR,1558378844,43,28.22,61.21,68.28,12.5
297,mogok,0,MM,1558378844,51,22.92,96.51,72.24,2.77
298,mikkeli,0,FI,1558378844,59,61.69,27.27,62.6,6.93
299,jiuquan,0,CN,1558378844,14,39.73,98.49,59.64,5.5
304,kvarkeno,77,RU,1558378845,56,52.08,59.73,44.88,8.21
306,chunhuhub,5,MX,1558378846,35,19.59,-88.59,96.72,7.02
308,nioro,76,GM,1558378846,15,13.79,-15.05,101.4,6.02
309,upernavik,0,GL,1558378846,85,72.79,-56.15,29.22,11.59
311,balkanabat,99,TM,1558378846,41,39.51,54.36,79.8,6.69
312,syumsi,90,RU,1558378847,66,57.11,51.61,43.08,6.91
313,loukhi,100,RU,1558378847,75,66.08,33.04,38.04,9.91
314,baruun-urt,0,MN,1558378847,48,46.68,113.28,44.88,5.32
315,miraflores,99,CO,1558378848,60,5.2,-73.14,68.64,5.44
316,gunjur,0,GM,1558378848,61,13.18,-16.76,80.6,9.17
317,wajima,100,JP,1558378849,94,37.4,136.9,63.78,13.53
320,banfora,77,BF,1558378849,56,10.64,-4.75,91.14,4.7
321,mandera,69,ET,1558378731,47,3.94,41.86,87.18,8.03
323,juneau,75,US,1558378850,71,58.3,-134.42,57.2,11.41
324,sidney,1,US,1558378850,26,47.72,-104.16,61.0,14.99
325,edd,50,ER,1558378850,49,13.93,41.69,93.3,9.69
326,cockburn town,1,TC,1558378560,79,21.46,-71.14,80.52,12.5
327,kizukuri,100,JP,1558378851,59,40.81,140.39,68.0,1.01
328,vung tau,77,VN,1558378714,77,10.35,107.08,85.2,10.58
329,mahon,75,IE,1558378851,71,51.89,-8.4,57.0,9.17
330,biltine,93,TD,1558378853,13,14.53,20.93,101.76,6.87
331,ishigaki,69,JP,1558378853,73,24.34,124.16,76.2,24.34
332,morant bay,20,JM,1558378853,62,17.88,-76.41,86.0,23.04
333,raduzhnyy,100,RU,1558378853,93,62.1,77.47,39.3,9.86
335,hulan ergi,100,CN,1558378853,85,47.2,123.63,48.48,15.26
336,thayetmyo,81,MM,1558378854,61,19.32,95.18,88.26,7.07
337,acapulco,5,MX,1558378854,70,16.86,-99.88,84.2,11.41
341,raymond,40,US,1558378580,48,43.04,-71.18,84.99,12.75
342,road town,40,VG,1558378828,66,18.42,-64.62,86.0,9.17
343,yar-sale,100,RU,1558378855,90,66.83,70.83,24.9,17.43
344,iwanai,100,JP,1558378855,87,42.97,140.51,56.04,11.32
345,eseka,100,CM,1558378855,91,3.65,10.77,76.92,3.13
347,tigil,33,RU,1558378856,92,57.8,158.67,36.6,4.59
348,avera,40,US,1558378856,40,33.19,-82.53,91.4,9.17
349,muzhi,100,RU,1558378856,85,65.4,64.7,30.3,11.63
350,komsomolskiy,55,RU,1558378856,93,67.55,63.78,18.78,13.2
351,chapais,90,CA,1558378856,93,49.78,-74.86,44.6,6.93
353,darhan,32,MN,1558378857,36,49.49,105.92,51.72,1.7
354,daru,78,SL,1558378857,89,7.99,-10.85,79.62,3.6
355,onokhoy,33,RU,1558378857,51,51.92,108.05,37.4,2.24
356,leh,33,IN,1558378857,51,34.16,77.58,25.8,3.58
357,banda aceh,100,ID,1558378858,76,5.56,95.32,84.12,11.95
359,sorland,0,NO,1558378858,71,67.67,12.69,53.6,5.82
360,fort nelson,20,CA,1558378858,42,58.81,-122.69,68.0,5.82
362,datong,0,CN,1558378858,23,40.09,113.3,55.32,9.44
363,vila franca do campo,40,PT,1558378859,88,37.72,-25.43,66.2,12.75
364,akureyri,90,IS,1558378859,66,65.68,-18.09,48.2,6.93
366,ust-barguzin,27,RU,1558378859,60,53.41,109.03,36.06,2.42
368,zyryanovsk,100,KZ,1558378588,88,49.74,84.27,48.84,1.81
370,sfantu gheorghe,40,RO,1558378860,93,44.65,26.83,66.2,10.29
371,carballo,0,ES,1558378860,44,43.21,-8.69,63.0,5.82
372,shimoda,75,JP,1558378860,100,34.7,138.93,68.0,11.41
373,novonukutskiy,96,RU,1558378861,40,53.7,102.71,56.04,4.81
374,reguengos de monsaraz,20,PT,1558378861,49,38.42,-7.53,71.6,14.99
375,ocean city,40,US,1558378788,66,30.44,-86.61,93.0,13.87
376,qinhuangdao,0,CN,1558378861,40,39.94,119.59,57.48,8.41
377,muskegon,90,US,1558378605,70,43.23,-86.25,50.0,12.75
378,kargasok,82,RU,1558378862,79,59.06,80.87,43.08,8.63
379,auki,83,NG,1558378862,26,12.18,6.51,98.88,6.08
380,kayseri,40,TR,1558378862,48,38.73,35.48,66.2,3.36
381,quanzhou,35,CN,1558378863,88,24.9,118.59,69.8,6.71
382,nago,40,IT,1558378863,93,45.88,10.89,60.01,3.36
383,medicine hat,75,CA,1558378863,32,50.04,-110.68,55.4,14.99
384,cherskiy,100,RU,1558378863,96,68.75,161.3,24.0,7.16
386,north bend,40,US,1558378869,58,43.41,-124.22,63.0,12.75
388,geraldton,75,CA,1558378869,43,49.72,-86.95,55.4,11.41
389,souillac,1,FR,1558378869,59,45.6,-0.6,62.6,11.41
390,la ronge,40,CA,1558378869,33,55.1,-105.3,62.6,10.29
392,westport,20,IE,1558378845,66,53.8,-9.52,55.99,9.17
394,lagos,20,NG,1558378870,83,6.46,3.39,82.4,3.36
395,half moon bay,90,US,1558378692,67,37.46,-122.43,62.01,9.17
398,grindavik,75,IS,1558378871,100,63.84,-22.43,51.01,9.17
399,xining,76,CN,1558378797,47,36.62,101.77,44.7,1.21
403,wawa,90,NG,1558378872,38,9.9,4.41,94.92,4.88
404,manama,0,AE,1558378872,52,25.33,56.02,91.4,14.99
405,labuan,75,BN,1558378808,88,5.28,115.24,80.6,5.21
406,wexford,75,US,1558378845,53,40.63,-80.06,75.99,19.46
407,kyren,100,RU,1558378872,57,51.68,102.13,38.04,5.79
409,bathsheba,20,BB,1558378792,58,13.22,-59.52,86.0,18.34
410,ogbomosho,97,NG,1558378873,61,8.13,4.25,84.66,8.72
411,longyearbyen,75,NO,1558378873,74,78.22,15.63,28.4,5.82
412,diu,0,IN,1558378873,75,20.71,70.98,83.04,12.82
413,shebalino,100,RU,1558378873,68,51.29,85.68,53.52,7.29
414,kalat,47,PK,1558378846,44,29.03,66.58,66.84,4.0
415,hare bay,75,CA,1558378874,64,48.86,-53.99,46.0,17.22
416,kirkuk,0,IQ,1558378874,16,35.47,44.4,86.82,7.36
417,tabou,84,CI,1558378874,82,4.42,-7.36,80.88,4.9
421,saint-joseph,75,FR,1558378875,93,43.56,6.97,64.0,3.36
422,susuman,0,RU,1558378875,75,62.78,148.15,22.38,3.15
423,plattling,100,DE,1558378876,86,48.78,12.88,55.99,3.71
426,arroyo,75,US,1558378876,49,41.39,-78.88,75.0,21.92
428,okhotsk,87,RU,1558378877,77,59.36,143.24,41.46,6.53
429,maniitsoq,1,GL,1558378877,76,65.42,-52.9,40.02,8.08
430,meulaboh,100,ID,1558378877,81,4.14,96.13,81.6,5.88
431,cartagena del chaira,98,CO,1558378878,89,1.33,-74.84,79.62,3.22
433,svodin,0,SK,1558378878,72,47.91,18.5,63.0,6.93
434,victoria,75,BN,1558378812,88,5.28,115.24,80.6,5.21
435,dong xoai,100,VN,1558378870,71,11.53,106.92,83.76,5.44
436,zaysan,43,KZ,1558378879,47,47.47,84.87,59.46,10.83
437,sioux lookout,40,CA,1558378879,44,50.1,-91.92,59.0,6.93
439,vila do maio,20,CV,1558378879,54,15.13,-23.22,80.6,13.87
440,brae,99,GB,1558378879,87,60.4,-1.35,51.8,4.7
441,russkiy aktash,20,RU,1558378880,80,55.04,52.12,41.0,11.18
444,birjand,0,IR,1558378880,26,32.86,59.22,71.6,9.17
447,tilichiki,99,RU,1558378881,87,60.47,166.1,33.9,4.41
448,doha,15,QA,1558378609,78,25.29,51.53,84.2,2.24
449,makakilo city,75,US,1558378845,69,21.35,-158.09,82.99,11.41
451,anan,90,JP,1558378881,93,33.91,134.64,66.2,5.82
452,synya,29,RU,1558378882,68,65.37,58.04,32.28,8.55
453,thanatpin,75,MM,1558378882,83,17.29,96.58,82.4,4.7
454,altagracia de orituco,96,VE,1558378882,33,9.86,-66.38,89.52,5.26
455,anqing,55,CN,1558378882,34,30.51,117.04,64.68,4.05
456,nome,40,US,1558378882,62,30.04,-94.42,87.8,12.75
457,lahaina,20,US,1558378883,61,20.87,-156.68,82.4,11.41
458,hereford,40,GB,1558378883,59,52.06,-2.72,64.0,3.36
460,manuk mangkaw,99,PH,1558378883,68,4.8,119.85,86.1,5.57
462,pacific grove,90,US,1558378883,77,36.62,-121.92,64.0,4.7
463,tam ky,20,VN,1558378884,78,15.57,108.48,82.4,4.7
464,atasu,100,KZ,1558378884,52,48.68,71.64,55.32,12.21
465,seshcha,1,RU,1558378884,72,53.73,33.34,61.62,6.11
466,norilsk,75,RU,1558378884,92,69.35,88.2,15.8,29.08
467,los teques,40,VE,1558378674,66,10.35,-67.04,87.01,3.36
469,san ramon,75,NI,1558378828,65,12.92,-85.84,77.0,5.55
470,horta,40,ES,1558378885,72,41.43,2.16,64.99,6.93
471,poum,75,MK,1558378885,71,41.28,20.71,53.6,5.82
473,seoul,1,KR,1558378758,93,37.57,126.98,55.4,4.7
475,oranjestad,20,AW,1558378652,62,12.52,-70.03,87.8,25.28
476,belmonte,60,PT,1558378886,58,40.36,-7.35,63.0,7.0
479,zhezkazgan,87,KZ,1558378887,45,47.8,67.71,56.04,13.85
480,abonnema,75,NG,1558378887,83,4.71,6.79,80.6,11.41
482,muravlenko,28,RU,1558378887,89,63.79,74.5,34.98,7.83
485,san-pedro,92,CI,1558378888,89,4.75,-6.64,78.9,3.56
486,bismarck,1,US,1558378843,50,46.81,-100.78,60.8,16.11
487,pinotepa de don luis,21,MX,1558378888,37,16.43,-97.98,95.1,7.47
488,mizan teferi,59,ET,1558378888,80,6.99,35.58,63.42,3.06
490,oga,94,NG,1558378889,72,8.18,5.65,80.88,8.28
491,bouca,68,CF,1558378889,51,6.51,18.28,83.94,4.12
493,nuuk,20,GL,1558378889,70,64.17,-51.74,42.8,8.05
494,baylo,1,PH,1558378889,69,7.85,126.06,77.0,1.07
495,fuxin,4,CN,1558378889,40,42.02,121.65,56.94,11.95
496,chernaya kholunitsa,90,RU,1558378890,52,58.85,51.72,42.9,5.82
497,havelock,1,US,1558378595,51,34.88,-76.9,88.0,12.75
498,traverse city,75,US,1558378672,62,44.76,-85.62,54.0,14.99
499,champoton,20,MX,1558378890,39,19.35,-90.72,95.0,11.41
500,mandalgovi,0,MN,1558378890,36,45.76,106.27,48.66,1.34
501,delemont,75,CH,1558378890,93,47.36,7.34,57.2,11.41
502,chauk,67,MM,1558378891,41,20.89,94.82,91.5,5.55
509,pilot butte,40,CA,1558378892,33,50.48,-104.42,59.0,10.29
510,atar,1,MR,1558378892,12,20.52,-13.05,95.0,9.17
512,natchez,1,US,1558378892,74,31.56,-91.4,87.01,6.93
514,loikaw,100,MM,1558378892,85,19.67,97.21,69.18,3.4
515,madaoua,71,NE,1558378892,18,14.07,5.96,104.1,3.36
517,along,28,IN,1558378893,92,28.17,94.8,53.88,4.54
519,saint anthony,90,US,1558378893,81,43.97,-111.68,45.0,3.36
520,high prairie,0,CA,1558378893,34,55.43,-116.48,61.8,16.46
521,high rock,75,BS,1558378893,83,26.63,-78.28,75.2,12.75
522,raudeberg,20,NO,1558378894,76,61.99,5.14,69.8,4.7
524,mogadishu,79,SO,1558378801,79,2.04,45.34,80.88,9.78
525,mecca,1,SA,1558378872,48,21.43,39.83,88.62,1.74
527,tomatlan,0,MX,1558378894,59,19.93,-105.25,84.66,7.9
528,lyuban,39,BY,1558378625,68,52.8,28.0,67.92,12.15
529,bonavista,59,CA,1558378895,74,48.65,-53.11,44.01,15.99
530,hirara,37,JP,1558378895,67,24.8,125.28,75.48,26.15
532,burns lake,66,CA,1558378895,62,54.23,-125.76,56.4,5.21
533,hakkari,0,FI,1558378896,46,61.34,23.75,69.8,5.82
534,marzuq,84,YE,1558378896,36,14.4,46.47,79.44,6.02
535,villaviciosa,20,ES,1558378896,71,43.48,-5.43,59.0,6.93
537,matam,1,SN,1558378897,14,15.66,-13.26,102.12,11.61
538,la seyne-sur-mer,0,FR,1558378897,72,43.1,5.88,69.01,2.24
540,talmenka,40,RU,1558378897,76,53.82,83.56,51.8,11.18
542,perth,20,GB,1558378872,82,56.4,-3.43,59.0,3.36
543,yabrud,0,SY,1558378840,32,33.97,36.66,80.6,8.05
544,paraiso,5,MX,1558378898,4,24.01,-104.61,84.2,16.11
545,veraval,0,FR,1558378898,62,49.65,0.71,61.0,8.05
546,novyy urgal,100,RU,1558378899,93,51.07,132.56,49.74,2.68
547,tongren,4,CN,1558378899,64,27.72,109.18,55.86,2.84
